benchmark_name,program_name
DafnyBench,Program-Verification-Dataset_tmp_tmpgbdrlnu__Dafny_variant examples_SumOfCubes
DafnyBench,dafny-synthesis_task_id_238
DafnyBench,Formal-Methods-Project_tmp_tmphh2ar2xv_Factorial
DafnyBench,dafny-synthesis_task_id_637
DafnyBench,Dafny_tmp_tmpmvs2dmry_examples2
DafnyBench,dafny-exercise_tmp_tmpouftptir_reverse
DafnyBench,dafny-synthesis_task_id_127
DafnyBench,dafny-synthesis_task_id_269
DafnyBench,M2_tmp_tmp2laaavvl_Software Verification_Exercices_Exo7-ComputeSum
DafnyBench,dafny-synthesis_task_id_807
DafnyBench,Clover_triple2
DafnyBench,Prog-Fun-Solutions_tmp_tmp7_gmnz5f_extra_pow
DafnyBench,dafny_misc_tmp_tmpg4vzlnm1_rosetta_code_fibonacci_sequence
DafnyBench,dafny-language-server_tmp_tmpkir0kenl_Test_dafny4_Bug144
DafnyBench,Software-Verification_tmp_tmpv4ueky2d_Valid Palindrome_valid_panlindrome
DafnyBench,dafny-synthesis_task_id_594
DafnyBench,dafny-synthesis_task_id_161
DafnyBench,dafny-language-server_tmp_tmpkir0kenl_Test_dafny2_TreeBarrier
DafnyBench,Metodos_Formais_tmp_tmpql2hwcsh_Arrays_explicacao
DafnyBench,dafny-language-server_tmp_tmpkir0kenl_Test_dafny4_git-issue133
DafnyBench,dafny-synthesis_task_id_424
DafnyBench,dafny-synthesis_task_id_257
DafnyBench,DafnyPrograms_tmp_tmp74_f9k_c_map-multiset-implementation
DafnyBench,Dafny_Verify_tmp_tmphq7j0row_Fine_Tune_Examples_50_examples_41
DafnyBench,Metodos_Formais_tmp_tmpbez22nnn_Aula_4_ex3
DafnyBench,dafny-language-server_tmp_tmpkir0kenl_Test_dafny4_MonadicLaws
DafnyBench,Programmverifikation-und-synthese_tmp_tmppurk6ime_PVS_Assignment_ex_10_Hoangkim_ex10_hoangkim
DafnyBench,llm-verified-eval_tmp_tmpd2deqn_i_dafny_9
DafnyBench,Dafny_Verify_tmp_tmphq7j0row_dataset_C_convert_examples_15
DafnyBench,dafny-synthesis_task_id_399
DafnyBench,dafny-rope_tmp_tmpl4v_njmy_Rope
DafnyBench,MFES_2021_tmp_tmpuljn8zd9_PracticalClasses_TP3_2_Insertion_Sort
DafnyBench,dafny-language-server_tmp_tmpkir0kenl_Test_hofs_Compilation
DafnyBench,Programmverifikation-und-synthese_tmp_tmppurk6ime_PVS_Assignment_ex_04_Hoangkim_ex_04_Hoangkim
DafnyBench,protocol-verification-fa2023_tmp_tmpw6hy3mjp_demos_ch04_inductive_chain
DafnyBench,dafny-synthesis_task_id_79
DafnyBench,dafny-synthesis_task_id_629
DafnyBench,CS5232_Project_tmp_tmpai_cfrng_LFUSimple
DafnyBench,formal-methods-in-software-engineering_tmp_tmpe7fjnek6_Labs4_gr2
DafnyBench,dafny-synthesis_task_id_113
DafnyBench,specTesting_tmp_tmpueam35lx_examples_max_max
DafnyBench,summer-school-2020_tmp_tmpn8nf7zf0_chapter01_solutions_exercise11_solution
DafnyBench,MIEIC_mfes_tmp_tmpq3ho7nve_TP3_binary_search
DafnyBench,Program-Verification-Dataset_tmp_tmpgbdrlnu__Dafny_verified algorithms_inductive_props
DafnyBench,Clover_cal_sum
DafnyBench,dafny-synthesis_task_id_644
DafnyBench,dafny-synthesis_task_id_627
DafnyBench,Prog-Fun-Solutions_tmp_tmp7_gmnz5f_extra_sum
DafnyBench,dafny-synthesis_task_id_809
DafnyBench,Final-Project-Dafny_tmp_tmpmcywuqox_Attempts_Quick_Sort
DafnyBench,Clover_min_array
DafnyBench,dafny-programs_tmp_tmpcwodh6qh_src_expt
DafnyBench,Dafny_Verify_tmp_tmphq7j0row_dataset_error_data_real_error_IsEven_success_1
DafnyBench,Dafny_Verify_tmp_tmphq7j0row_AI_agent_verify_examples_CopyMatrix
DafnyBench,CVS-Projto1_tmp_tmpb1o0bu8z_Hoare
DafnyBench,dafny-synthesis_task_id_2
DafnyBench,SENG2011_tmp_tmpgk5jq85q_flex_ex5
DafnyBench,Program-Verification-Dataset_tmp_tmpgbdrlnu__Dafny_advanced examples_InsertionSort
DafnyBench,dafny-duck_tmp_tmplawbgxjo_p6
DafnyBench,dafny-exercise_tmp_tmpouftptir_absIt
DafnyBench,dafny-synthesis_task_id_759
DafnyBench,dafny-synthesis_task_id_591
DafnyBench,dafny-synthesis_task_id_743
DafnyBench,Program-Verification-Dataset_tmp_tmpgbdrlnu__Dafny_from dafny main repo_dafny2_Classics
DafnyBench,dafny_projects_tmp_tmpjutqwjv4_tutorial_tutorial
DafnyBench,dafny-synthesis_task_id_605
DafnyBench,dafny-synthesis_task_id_578
DafnyBench,dafny-synthesis_task_id_603
DafnyBench,Clover_swap
DafnyBench,assertive-programming-assignment-1_tmp_tmp3h_cj44u_ProdAndCount
DafnyBench,dafny-synthesis_task_id_588
DafnyBench,dafny-synthesis_task_id_401
DafnyBench,Dafny-Exercises_tmp_tmpjm75muf__Session4Exercises_ExerciseAllEqual
DafnyBench,VerifiedMergeSortDafny_tmp_tmpva7qms1b_MergeSort
DafnyBench,dafny-language-server_tmp_tmpkir0kenl_Test_vacid0_Composite
DafnyBench,dafny_examples_tmp_tmp8qotd4ez_lib_math_DivMod
DafnyBench,se2011_tmp_tmp71eb82zt_ass1_ex4
DafnyBench,dafny-synthesis_task_id_798
DafnyBench,Clover_swap_sim
DafnyBench,Program-Verification-Dataset_tmp_tmpgbdrlnu__Dafny_algorithms and leetcode_heap2
DafnyBench,ironsync-osdi2023_tmp_tmpx80antoe_linear-dafny_docs_DafnyRef_examples_Example-Old3
DafnyBench,dafny_tmp_tmp59p638nn_examples_GenericSelectionSort
DafnyBench,Clover_linear_search3
DafnyBench,ironsync-osdi2023_tmp_tmpx80antoe_linear-dafny_Test_git-issues_git-issue-975
DafnyBench,dafny-synthesis_task_id_249
DafnyBench,dafny-language-server_tmp_tmpkir0kenl_Test_dafny1_MatrixFun
DafnyBench,dafny_tmp_tmp59p638nn_examples_derangement
DafnyBench,Software-building-and-verification-Projects_tmp_tmp5tm1srrn_CVS-projeto_aula5
DafnyBench,dafny-synthesis_task_id_290
DafnyBench,dafny-exercise_tmp_tmpouftptir_prac1_ex2
DafnyBench,dafny-synthesis_task_id_803
DafnyBench,dafny-synthesis_task_id_476
DafnyBench,Clover_count_lessthan
DafnyBench,dafny-language-server_tmp_tmpkir0kenl_Test_dafny4_git-issue76
DafnyBench,Formal-methods-of-software-development_tmp_tmppryvbyty_Bloque 2_Lab6
DafnyBench,dafny-language-server_tmp_tmpkir0kenl_Test_LanguageServerTest_DafnyFiles_symbolTable_15_array
DafnyBench,Program-Verification-Dataset_tmp_tmpgbdrlnu__Dafny_basic examples_product_details
DafnyBench,dafny-language-server_tmp_tmpkir0kenl_Test_vstte2012_Two-Way-Sort
DafnyBench,metodosFormais_tmp_tmp4q2kmya4_T1-MetodosFormais_examples_ex1
DafnyBench,Program-Verification-Dataset_tmp_tmpgbdrlnu__Dafny_basic examples_BubbleSort_sol
DafnyBench,Program-Verification-Dataset_tmp_tmpgbdrlnu__Dafny_algorithms and leetcode_leetcode_pathSum
DafnyBench,Programmverifikation-und-synthese_tmp_tmppurk6ime_PVS_Assignment_ex_07_Hoangkim_ex07_Hoangkim
DafnyBench,Program-Verification-Dataset_tmp_tmpgbdrlnu__Dafny_algorithms and leetcode_leetcode_lc-remove-element
DafnyBench,Dafny_tmp_tmpmvs2dmry_SlowMax
DafnyBench,Dafny_Learning_Experience_tmp_tmpuxvcet_u_week8_12_week9_lemma
DafnyBench,protocol-verification-fa2023_tmp_tmpw6hy3mjp_demos_ch04_invariant_proof
DafnyBench,dafny_examples_tmp_tmp8qotd4ez_leetcode_0277-find-the-celebrity
DafnyBench,dafny-language-server_tmp_tmpkir0kenl_Test_triggers_auto-triggers-fix-an-issue-listed-in-the-ironclad-notebook
DafnyBench,dafny-synthesis_task_id_622
DafnyBench,dafny_tmp_tmp59p638nn_examples_SelectionSort
DafnyBench,Dafny-Exercises_tmp_tmpjm75muf__Session7Exercises_ExerciseBubbleSort
DafnyBench,Metodos_Formais_tmp_tmpql2hwcsh_Invariantes_fatorial2
DafnyBench,Software-building-and-verification-Projects_tmp_tmp5tm1srrn_CVS-projeto_aula1
DafnyBench,dafny-language-server_tmp_tmpkir0kenl_Test_dafny2_SegmentSum
DafnyBench,specTesting_tmp_tmpueam35lx_examples_sort_sort
DafnyBench,dafny-language-server_tmp_tmpkir0kenl_Test_hofs_Requires
DafnyBench,Final-Project-Dafny_tmp_tmpmcywuqox_Attempts_Merge_Sort
DafnyBench,bbfny_tmp_tmpw4m0jvl0_enjoying
DafnyBench,dafny-synthesis_task_id_598
DafnyBench,Dafny-Exercises_tmp_tmpjm75muf__Session2Exercises_ExerciseSquare_root
DafnyBench,SENG2011_tmp_tmpgk5jq85q_p1
DafnyBench,iron-sync_tmp_tmps49o3tyz_concurrency_docs_code_ShardedStateMachine
DafnyBench,Dafny-programs_tmp_tmpnso9eu7u_Algorithms + sorting_bubble-sort
DafnyBench,SENG2011_tmp_tmpgk5jq85q_ass1_ex8
DafnyBench,dafny-synthesis_task_id_770
DafnyBench,dafny-exercise_tmp_tmpouftptir_prac3_ex2
DafnyBench,dafny-synthesis_task_id_135
DafnyBench,Dafny_tmp_tmp0wu8wmfr_tests_Search1000
DafnyBench,veri-sparse_tmp_tmp15fywna6_dafny_spmv
DafnyBench,dafny-synthesis_task_id_82
DafnyBench,Program-Verification-Dataset_tmp_tmpgbdrlnu__Dafny_from dafny main repo_dafny2_COST-verif-comp-2011-2-MaxTree-class
DafnyBench,laboratory_tmp_tmps8ws6mu2_dafny-tutorial_exercise9
DafnyBench,Program-Verification-Dataset_tmp_tmpgbdrlnu__Dafny_mathematical objects verification_examples_logic
DafnyBench,dafny-duck_tmp_tmplawbgxjo_ex5
DafnyBench,vfag_tmp_tmpc29dxm1j_sumar_componentes
DafnyBench,Metodos_Formais_tmp_tmpbez22nnn_Aula_2_ex1
DafnyBench,dafny-synthesis_task_id_86
DafnyBench,Clover_below_zero
DafnyBench,dafny-language-server_tmp_tmpkir0kenl_Test_dafny4_Bug58
DafnyBench,dafny-training_tmp_tmp_n2kixni_session1_training1
DafnyBench,CO3408-Advanced-Software-Modelling-Assignment-2022-23-Part-2-A-Specification-Spectacular_tmp_tmp4pj4p2zx_car_park
DafnyBench,dafny-language-server_tmp_tmpkir0kenl_Test_hofs_WhileLoop
DafnyBench,dafny-language-server_tmp_tmpkir0kenl_Test_dafny1_ListReverse
DafnyBench,Software-Verification_tmp_tmpv4ueky2d_Best Time to Buy and Sell Stock_best_time_to_buy_and_sell_stock
DafnyBench,Software-Verification_tmp_tmpv4ueky2d_Counting Bits_counting_bits
DafnyBench,Program-Verification-Dataset_tmp_tmpgbdrlnu__Dafny_algorithms and leetcode_ProgramProofs_ch15
DafnyBench,Clover_max_array
DafnyBench,ProjectosCVS_tmp_tmp_02_gmcw_Handout 1_CVS_handout1_55754_55780
DafnyBench,Program-Verification-Dataset_tmp_tmpgbdrlnu__Dafny_from dafny main repo_dafny3_CachedContainer
DafnyBench,dafny_tmp_tmp49a6ihvk_m4
DafnyBench,dafl_tmp_tmp_r3_8w3y_dafny_examples_dafny0_ForallCompilationNewSyntax
DafnyBench,Clover_slope_search
DafnyBench,dafny-synthesis_task_id_426
DafnyBench,Dafny_tmp_tmp0wu8wmfr_Heimaverkefni 3_InsertionSortMultiset
DafnyBench,dafny-synthesis_task_id_430
DafnyBench,Dafny-Grind75_tmp_tmpsxfz3i4r_problems_twoSum
DafnyBench,protocol-verification-fa2023_tmp_tmpw6hy3mjp_demos_dafny-internals_03-encoding_pair
DafnyBench,dafny-synthesis_task_id_447
DafnyBench,dafny-synthesis_task_id_284
DafnyBench,Dafny_tmp_tmp0wu8wmfr_Heimaverkefni 3_SelectionSortMultiset
DafnyBench,Program-Verification-Dataset_tmp_tmpgbdrlnu__Dafny_from dafny main repo_dafny3_Streams
DafnyBench,dafny-synthesis_task_id_267
DafnyBench,dafny-exercise_tmp_tmpouftptir_countNeg
DafnyBench,Dafny_Verify_tmp_tmphq7j0row_Generated_Code_rand
DafnyBench,dafny-synthesis_task_id_441
DafnyBench,dafny-language-server_tmp_tmpkir0kenl_Test_dafny4_Regression19
DafnyBench,Software-building-and-verification-Projects_tmp_tmp5tm1srrn_CVS-projeto_handout2
DafnyBench,formal_verication_dafny_tmp_tmpwgl2qz28_Challenges_ex2
DafnyBench,Formal_Verification_With_Dafny_tmp_tmp5j79rq48_Counter
DafnyBench,dafny-mini-project_tmp_tmpjxr3wzqh_src_project2a
DafnyBench,dafny-synthesis_task_id_273
DafnyBench,dafny-exercise_tmp_tmpouftptir_appendArray
DafnyBench,ironsync-osdi2023_tmp_tmpx80antoe_linear-dafny_Test_c++_arrays
DafnyBench,Dafny_Learning_Experience_tmp_tmpuxvcet_u_week1_7_MaxSum
DafnyBench,dafny-language-server_tmp_tmpkir0kenl_Test_allocated1_dafny0_fun-with-slices
DafnyBench,dafny-language-server_tmp_tmpkir0kenl_Test_dafny2_TuringFactorial
DafnyBench,DafnyPrograms_tmp_tmp74_f9k_c_invertarray
DafnyBench,FMSE-2022-2023_tmp_tmp6_x_ba46_Lab10_Lab10
DafnyBench,se2011_tmp_tmp71eb82zt_ass2_ex2
DafnyBench,Invoker_tmp_tmpypx0gs8x_dafny_abstract-interpreter_SimpleVerifier
DafnyBench,Clover_double_array_elements
DafnyBench,Dafny-experiences_tmp_tmp150sm9qy_dafny_started_tutorial_dafny_tutorial_array
DafnyBench,ironsync-osdi2023_tmp_tmpx80antoe_linear-dafny_docs_DafnyRef_examples_Example-Old2
DafnyBench,Dafny_tmp_tmpj88zq5zt_2-Kontrakte_max
DafnyBench,dafny-synthesis_task_id_586
DafnyBench,Formal-Methods-Project_tmp_tmphh2ar2xv_BubbleSort
DafnyBench,dafny-language-server_tmp_tmpkir0kenl_Test_git-issues_git-issue-336
DafnyBench,dafny-synthesis_task_id_579
DafnyBench,dafny-language-server_tmp_tmpkir0kenl_Test_comp_Arrays
DafnyBench,Dafny_tmp_tmpv_d3qi10_2_min
DafnyBench,dafny-language-server_tmp_tmpkir0kenl_Test_dafny0_snapshots_Inputs_Snapshots0
DafnyBench,Program-Verification-Dataset_tmp_tmpgbdrlnu__Dafny_advanced examples_MatrixMultiplication
DafnyBench,Dafny_Verify_tmp_tmphq7j0row_Test_Cases_Triple
DafnyBench,stunning-palm-tree_tmp_tmpr84c2iwh_ch10
DafnyBench,HATRA-2022-Paper_tmp_tmp5texxy8l_copilot_verification_Largest Sum_largest_sum
DafnyBench,dafny-synthesis_task_id_567
DafnyBench,specTesting_tmp_tmpueam35lx_examples_binary_search_binary_search_specs
DafnyBench,Metodos_Formais_tmp_tmpbez22nnn_Aula_4_ex1
DafnyBench,Clover_test_array
DafnyBench,Prog-Fun-Solutions_tmp_tmp7_gmnz5f_mockExam2_p3
DafnyBench,Dafny-Projects_tmp_tmph399drhy_p2_arraySplit
DafnyBench,dafny-synthesis_task_id_309
DafnyBench,Dafny-Exercises_tmp_tmpjm75muf__Session9Exercises_ExerciseSeqMaxSum
DafnyBench,dafny-synthesis_task_id_397
DafnyBench,dafny_examples_tmp_tmp8qotd4ez_leetcode_0069-sqrt
DafnyBench,Dafny-Exercises_tmp_tmpjm75muf__Session4Exercises_ExerciseContained
DafnyBench,Program-Verification-Dataset_tmp_tmpgbdrlnu__Dafny_from_dafny_main_repo_dafny0_snapshots_Inputs_Snapshots5
DafnyBench,dafny-synthesis_task_id_623
DafnyBench,protocol-verification-fa2023_tmp_tmpw6hy3mjp_demos_ch06_refinement_proof
DafnyBench,Dafny-Exercises_tmp_tmpjm75muf__Session6Exercises_ExerciseCountEven
DafnyBench,dafny-synthesis_task_id_3
DafnyBench,dafny-synthesis_task_id_279
DafnyBench,cs245-verification_tmp_tmp0h_nxhqp_SortingIssues_BubbleSortCode
DafnyBench,Clover_compare
DafnyBench,dafleet_tmp_tmpa2e4kb9v_0001-0050_0005-longest-palindromic-substring
DafnyBench,Prog-Fun-Solutions_tmp_tmp7_gmnz5f_extra_mod2
DafnyBench,DafnyProjects_tmp_tmp2acw_s4s_longestPrefix
DafnyBench,protocol-verification-fa2023_tmp_tmpw6hy3mjp_demos_ch01_fast_exp
DafnyBench,assertive-programming-assignment-1_tmp_tmp3h_cj44u_FindRange
DafnyBench,dafny-synthesis_task_id_312
DafnyBench,M2_tmp_tmp2laaavvl_Software Verification_Exercices_Exo4-CountAndReturn
DafnyBench,llm-verified-eval_tmp_tmpd2deqn_i_dafny_5
DafnyBench,assertive-programming-assignment-1_tmp_tmp3h_cj44u_SearchAddends
DafnyBench,dafny-synthesis_task_id_85
DafnyBench,HATRA-2022-Paper_tmp_tmp5texxy8l_copilot_verification_Sort Array_sort_array
DafnyBench,Dafny_tmp_tmpv_d3qi10_3_cumsum
DafnyBench,dafny-programs_tmp_tmpcwodh6qh_src_ticketsystem
DafnyBench,Dafny_Verify_tmp_tmphq7j0row_AI_agent_validation_examples
DafnyBench,cs357_tmp_tmpn4fsvwzs_lab7_question5
DafnyBench,dafny-language-server_tmp_tmpkir0kenl_Test_VSI-Benchmarks_b2
DafnyBench,dafny-synthesis_task_id_59
DafnyBench,Clover_online_max
DafnyBench,veri-sparse_tmp_tmp15fywna6_dafny_concurrent_poc_6
DafnyBench,Formal_Verification_With_Dafny_tmp_tmp5j79rq48_LimitedStack
DafnyBench,dafl_tmp_tmp_r3_8w3y_dafny_examples_uiowa_binary-search
DafnyBench,Dafny-VMC_tmp_tmpzgqv0i1u_src_Math_Helper
DafnyBench,Dafny_Verify_tmp_tmphq7j0row_Generated_Code_Count
DafnyBench,dafny-synthesis_task_id_58
DafnyBench,dafny-synthesis_task_id_276
DafnyBench,Program-Verification-Dataset_tmp_tmpgbdrlnu__Dafny_from dafny main repo_dafny3_Iter
DafnyBench,dafny-language-server_tmp_tmpkir0kenl_Test_dafny2_COST-verif-comp-2011-1-MaxArray
DafnyBench,CVS-Projto1_tmp_tmpb1o0bu8z_fact
DafnyBench,Final-Project-Dafny_tmp_tmpmcywuqox_Attempts_Exercise6_Binary_Search
DafnyBench,Dafny-demo_tmp_tmpkgr_dvdi_Dafny_BinarySearch
DafnyBench,Program-Verification-Dataset_tmp_tmpgbdrlnu__Dafny_from dafny main repo_dafny4_Bug170
DafnyBench,Program-Verification-Dataset_tmp_tmpgbdrlnu__Dafny_from dafny main repo_dafny4_Primes
DafnyBench,Clover_convert_map_key
DafnyBench,cs245-verification_tmp_tmp0h_nxhqp_A8_Q2
DafnyBench,Clover_triple3
DafnyBench,Dafny_Learning_Experience_tmp_tmpuxvcet_u_week1_7_A2_Q1_trimmed copy - 副本
DafnyBench,Clover_linear_search1
DafnyBench,dafl_tmp_tmp_r3_8w3y_dafny_examples_dafny0_DividedConstructors
DafnyBench,Dafny_Verify_tmp_tmphq7j0row_Fine_Tune_Examples_error_data_completion_11
DafnyBench,dafny-synthesis_task_id_61
DafnyBench,t1_MF_tmp_tmpi_sqie4j_exemplos_classes_parte1_contadorV1b
DafnyBench,Workshop_tmp_tmp0cu11bdq_Lecture_Answers_sum_array
DafnyBench,Dafny_Learning_Experience_tmp_tmpuxvcet_u_week8_12_week8_CheckSumCalculator
DafnyBench,dafny-synthesis_task_id_733
DafnyBench,dafny-synthesis_task_id_775
DafnyBench,Clover_double_quadruple
DafnyBench,dafny-synthesis_task_id_414
DafnyBench,FlexWeek_tmp_tmpc_tfdj_3_ex2
DafnyBench,dafny-synthesis_task_id_95
DafnyBench,CSC8204-Dafny_tmp_tmp11yhjb53_stack
DafnyBench,DafnyProjects_tmp_tmp2acw_s4s_findMax
DafnyBench,eth2-dafny_tmp_tmpcrgexrgb_src_dafny_utils_SetHelpers
DafnyBench,dafny-synthesis_task_id_625
DafnyBench,dafny-synthesis_task_id_234
DafnyBench,Program-Verification-Dataset_tmp_tmpgbdrlnu__Dafny_mathematical objects verification_examples_fast_exp
DafnyBench,Program-Verification-Dataset_tmp_tmpgbdrlnu__Dafny_advanced examples_ArrayMap
DafnyBench,Dafny-Exercises_tmp_tmpjm75muf__Session7Exercises_ExerciseSeparate
DafnyBench,Clover_array_concat
DafnyBench,Clover_replace
DafnyBench,dafny-duck_tmp_tmplawbgxjo_p2
DafnyBench,dafny-synthesis_task_id_266
DafnyBench,FMSE-2022-2023_tmp_tmp6_x_ba46_Lab1_Lab1
DafnyBench,Program-Verification-Dataset_tmp_tmpgbdrlnu__Dafny_lightening_verifier
DafnyBench,Prog-Fun-Solutions_tmp_tmp7_gmnz5f_mockExam2_p2
DafnyBench,Dafny-Exercises_tmp_tmpjm75muf__Session10Exercises_ExerciseBarrier
DafnyBench,Clover_abs
DafnyBench,dafny-language-server_tmp_tmpkir0kenl_Test_dafny3_InductionVsCoinduction
DafnyBench,MFS_tmp_tmpmmnu354t_Testes anteriores_T2_ex5_2020_2
DafnyBench,MIEIC_mfes_tmp_tmpq3ho7nve_exams_special_20_p5
DafnyBench,dafny-duck_tmp_tmplawbgxjo_p3
DafnyBench,Dafny-Exercises_tmp_tmpjm75muf__Session2Exercises_ExerciseExp
DafnyBench,Clover_array_copy
DafnyBench,Clover_all_digits
DafnyBench,Program-Verification-Dataset_tmp_tmpgbdrlnu__Dafny_advanced examples_demo
DafnyBench,dafny-synthesis_task_id_557
DafnyBench,dafny-learn_tmp_tmpn94ir40q_R01_assertions
DafnyBench,Dafny_Learning_Experience_tmp_tmpuxvcet_u_week1_7_week5_ComputePower
DafnyBench,Software-building-and-verification-Projects_tmp_tmp5tm1srrn_CVS-projeto_handout1
DafnyBench,Metodos_Formais_tmp_tmpql2hwcsh_Invariantes_multiplicador
DafnyBench,Dafny_tmp_tmp0wu8wmfr_Heimaverkefni 8_H8
DafnyBench,Program-Verification-Dataset_tmp_tmpgbdrlnu__Dafny_advanced examples_Modules
DafnyBench,Clover_swap_bitvector
DafnyBench,dafny-synthesis_task_id_626
DafnyBench,Workshop_tmp_tmp0cu11bdq_Workshop_Answers_Question6
DafnyBench,dafny-synthesis_task_id_240
DafnyBench,dafny-workout_tmp_tmp0abkw6f8_starter_ex09
DafnyBench,dafny-synthesis_task_id_804
DafnyBench,paxos_proof_tmp_tmpxpmiksmt_triggers
DafnyBench,software-specification-p1_tmp_tmpz9x6mpxb_BoilerPlate_Ex1
DafnyBench,ironsync-osdi2023_tmp_tmpx80antoe_lib_Marshalling_Math
DafnyBench,Correctness_tmp_tmpwqvg5q_4_Sorting_Tangent
DafnyBench,dafny-synthesis_task_id_641
DafnyBench,Dafny_Verify_tmp_tmphq7j0row_dataset_C_convert_examples_01
DafnyBench,Program-Verification-Dataset_tmp_tmpgbdrlnu__Dafny_from dafny main repo_dafny2_MajorityVote
DafnyBench,ironsync-osdi2023_tmp_tmpx80antoe_linear-dafny_Test_git-issues_git-issue-283
DafnyBench,Final-Project-Dafny_tmp_tmpmcywuqox_Attempts_Selection_Sort_Standard
DafnyBench,dafny-synthesis_task_id_776
DafnyBench,Program-Verification-Dataset_tmp_tmpgbdrlnu__Dafny_from dafny main repo_dafny1_ListContents
DafnyBench,Clover_only_once
DafnyBench,dafny-synthesis_task_id_307
DafnyBench,dafny-synthesis_task_id_555
DafnyBench,Clover_match
DafnyBench,summer-school-2020_tmp_tmpn8nf7zf0_chapter01_solutions_exercise04_solution
DafnyBench,dafny-synthesis_task_id_576
DafnyBench,Program-Verification-Dataset_tmp_tmpgbdrlnu__Dafny_from dafny main repo_dafny1_Queue
DafnyBench,dafny-exercise_tmp_tmpouftptir_prac1_ex1
DafnyBench,Program-Verification-Dataset_tmp_tmpgbdrlnu__Dafny_algorithms and leetcode_examples_simpleMultiplication
DafnyBench,Formal-methods-of-software-development_tmp_tmppryvbyty_Bloque 1_Lab3
DafnyBench,dafny-aoc-2019_tmp_tmpj6suy_rv_parser_split
DafnyBench,vfag_tmp_tmpc29dxm1j_Verificacion_torneo
DafnyBench,703FinalProject_tmp_tmpr_10rn4z_DP-GD
DafnyBench,dafny-synthesis_task_id_70
DafnyBench,Software-Verification_tmp_tmpv4ueky2d_Remove Duplicates from Sorted Array_remove_duplicates_from_sorted_array
DafnyBench,Program-Verification-Dataset_tmp_tmpgbdrlnu__Dafny_basic examples_BubbleSort
DafnyBench,dafny-workout_tmp_tmp0abkw6f8_starter_ex03
DafnyBench,SENG2011_tmp_tmpgk5jq85q_flex_ex2
DafnyBench,dafny-synthesis_task_id_142
DafnyBench,Dafny_Programs_tmp_tmp99966ew4_trig
DafnyBench,Final-Project-Dafny_tmp_tmpmcywuqox_Final_Project_3
DafnyBench,dafny-synthesis_task_id_581
DafnyBench,Program-Verification-Dataset_tmp_tmpgbdrlnu__Dafny_basic examples_find_max
DafnyBench,dafny-language-server_tmp_tmpkir0kenl_Test_dafny4_Fstar-QuickSort
DafnyBench,metodosFormais_tmp_tmp4q2kmya4_T1-MetodosFormais_examples_somatoriov2
DafnyBench,Dafny_tmp_tmpmvs2dmry_pancakesort_findmax
DafnyBench,summer-school-2020_tmp_tmpn8nf7zf0_chapter02_solutions_exercise03_solution
DafnyBench,dafny-synthesis_task_id_304
DafnyBench,Clover_find
DafnyBench,dafny-synthesis_task_id_396
DafnyBench,dafny-language-server_tmp_tmpkir0kenl_Test_VSComp2010_Problem1-SumMax
DafnyBench,dafny-synthesis_task_id_470
DafnyBench,dafny-language-server_tmp_tmpkir0kenl_Test_triggers_function-applications-are-triggers
DafnyBench,FlexWeek_tmp_tmpc_tfdj_3_ex3
DafnyBench,dafny-synthesis_task_id_600
DafnyBench,dafny-programs_tmp_tmpcwodh6qh_src_factorial
DafnyBench,Dafny-Exercises_tmp_tmpjm75muf__Session3Exercises_ExerciseMaximum
DafnyBench,Dafny_Verify_tmp_tmphq7j0row_AI_agent_verify_examples_Cube
DafnyBench,dafny-synthesis_task_id_454
DafnyBench,dafny-synthesis_task_id_8
DafnyBench,Final-Project-Dafny_tmp_tmpmcywuqox_Attempts_Insertion_Sort_Normal
DafnyBench,dafny-synthesis_task_id_741
DafnyBench,dafny_examples_tmp_tmp8qotd4ez_leetcode_0070-climbing-stairs
DafnyBench,Program-Verification-Dataset_tmp_tmpgbdrlnu__Dafny_algorithms and leetcode_leetcode_BoatsToSavePeople
DafnyBench,dafny-duck_tmp_tmplawbgxjo_p1
DafnyBench,dafny-exercise_tmp_tmpouftptir_firstE
DafnyBench,dafny-synthesis_task_id_126
DafnyBench,cs245-verification_tmp_tmp0h_nxhqp_quicksort-partition
DafnyBench,SiLemma_tmp_tmpfxtryv2w_utils
DafnyBench,Dafny-Practice_tmp_tmphnmt4ovh_BST
DafnyBench,dafny-synthesis_task_id_262
DafnyBench,AssertivePrograming_tmp_tmpwf43uz0e_Find_Substring
DafnyBench,Dafny-VMC_tmp_tmpzgqv0i1u_src_Math_Exponential
DafnyBench,Clover_avg
DafnyBench,dafny-workout_tmp_tmp0abkw6f8_starter_ex02
DafnyBench,Clover_integer_square_root
DafnyBench,CS5232_Project_tmp_tmpai_cfrng_test
DafnyBench,dafny-synthesis_task_id_432
DafnyBench,HATRA-2022-Paper_tmp_tmp5texxy8l_copilot_verification_Binary Search_binary_search
DafnyBench,stunning-palm-tree_tmp_tmpr84c2iwh_ch8
DafnyBench,CVS-handout1_tmp_tmptm52no3k_1
DafnyBench,ironsync-osdi2023_tmp_tmpx80antoe_linear-dafny_docs_DafnyRef_examples_Example-Old
DafnyBench,Software-Verification_tmp_tmpv4ueky2d_Longest Increasing Subsequence_longest_increasing_subsequence
DafnyBench,dafny_tmp_tmp59p638nn_examples_minmax2
DafnyBench,DafnyProjects_tmp_tmp2acw_s4s_Graph
DafnyBench,Workshop_tmp_tmp0cu11bdq_Lecture_Answers_triangle_number
DafnyBench,M2_tmp_tmp2laaavvl_Software Verification_Exercices_Exo9-Carre
DafnyBench,Dafny_Verify_tmp_tmphq7j0row_Fine_Tune_Examples_50_examples_37
DafnyBench,dafny-synthesis_task_id_574
DafnyBench,dafny-exercises_tmp_tmp5mvrowrx_paper_krml190
DafnyBench,Program-Verification-Dataset_tmp_tmpgbdrlnu__Dafny_from dafny main repo_dafny0_ModulePrint
DafnyBench,dafny-synthesis_task_id_233
DafnyBench,SENG2011_tmp_tmpgk5jq85q_ass2_ex5
DafnyBench,groupTheory_tmp_tmppmmxvu8h_tutorial2
DafnyBench,Program-Verification-Dataset_tmp_tmpgbdrlnu__Dafny_algorithms and leetcode_leetcode_validAnagram
DafnyBench,dafny-exercise_tmp_tmpouftptir_prac4_ex2
DafnyBench,dafny-synthesis_task_id_62
DafnyBench,dafny-synthesis_task_id_139
DafnyBench,SENG2011_tmp_tmpgk5jq85q_p2
DafnyBench,cs245-verification_tmp_tmp0h_nxhqp_A8_Q1
DafnyBench,dafny-synthesis_task_id_769
DafnyBench,MFES_2021_tmp_tmpuljn8zd9_Exams_Special_Exam_03_2020_4_CatalanNumbers
DafnyBench,Clover_has_close_elements
DafnyBench,SENG2011_tmp_tmpgk5jq85q_ass1_ex7
DafnyBench,MFES_2021_tmp_tmpuljn8zd9_FCUL_Exercises_8_sum
DafnyBench,Dafny_Verify_tmp_tmphq7j0row_Test_Cases_Index
DafnyBench,Dafny_Verify_tmp_tmphq7j0row_AI_agent_verify_examples_ComputePower
DafnyBench,llm-verified-eval_tmp_tmpd2deqn_i_dafny_0
DafnyBench,dafny-synthesis_task_id_268
DafnyBench,dafny-synthesis_task_id_624
DafnyBench,DafnyProjects_tmp_tmp2acw_s4s_RawSort
DafnyBench,dafny-synthesis_task_id_133
DafnyBench,Clover_is_even
DafnyBench,dafny-workout_tmp_tmp0abkw6f8_starter_ex01
DafnyBench,Dafny_Verify_tmp_tmphq7j0row_dataset_C_convert_examples_06_n
DafnyBench,Clover_linear_search2
DafnyBench,CSU55004---Formal-Verification_tmp_tmp4ki9iaqy_Project_Project_Part_1_project_pt_1
DafnyBench,Workshop_tmp_tmp0cu11bdq_Lecture_Answers_max_array
DafnyBench,dafny-synthesis_task_id_445
DafnyBench,dafleet_tmp_tmpa2e4kb9v_0001-0050_0001-two-sum
DafnyBench,llm-verified-eval_tmp_tmpd2deqn_i_dafny_161
DafnyBench,dafny-learn_tmp_tmpn94ir40q_R01_functions
DafnyBench,dafny-synthesis_task_id_760
DafnyBench,Clover_binary_search
DafnyBench,Clover_swap_arith
DafnyBench,dafny-language-server_tmp_tmpkir0kenl_Test_triggers_large-quantifiers-dont-break-dafny
DafnyBench,Dafny_Programs_tmp_tmp99966ew4_binary_search
DafnyBench,dafny-synthesis_task_id_755
DafnyBench,DafnyExercises_tmp_tmpd6qyevja_Part1_Q1
DafnyBench,Dafny_Verify_tmp_tmphq7j0row_Test_Cases_Function
DafnyBench,fv2020-tms_tmp_tmpnp85b47l_simple_tm
DafnyBench,Clover_triple4
DafnyBench,Correctness_tmp_tmpwqvg5q_4_HoareLogic_exam
DafnyBench,Dafny_Verify_tmp_tmphq7j0row_AI_agent_verify_examples_IncrementMatrix
DafnyBench,dafny-synthesis_task_id_17
DafnyBench,Dafny_Learning_Experience_tmp_tmpuxvcet_u_week8_12_a3_search_findPositionOfIndex
DafnyBench,iron-sync_tmp_tmps49o3tyz_lib_Base_MapRemove
DafnyBench,ironsync-osdi2023_tmp_tmpx80antoe_linear-dafny_Test_c++_maps
DafnyBench,dafny-synthesis_task_id_792
DafnyBench,Dafny_tmp_tmp0wu8wmfr_tests_InsertionSortSeq
DafnyBench,CVS-handout1_tmp_tmptm52no3k_2
DafnyBench,Clover_modify_2d_array
DafnyBench,test-generation-examples_tmp_tmptwyqofrp_RussianMultiplication_dafny_RussianMultiplication
DafnyBench,dafny-exercise_tmp_tmpouftptir_zapNegatives
DafnyBench,dafny-synthesis_task_id_230
DafnyBench,Program-Verification-Dataset_tmp_tmpgbdrlnu__Dafny_from dafny main repo_dafny3_InfiniteTrees
DafnyBench,ironsync-osdi2023_tmp_tmpx80antoe_linear-dafny_Test_git-issues_git-issue-506
DafnyBench,vmware-verification-2023_tmp_tmpoou5u54i_demos_leader_election
DafnyBench,formal-verification_tmp_tmpoepcssay_strings3
DafnyBench,protocol-verification-fa2023_tmp_tmpw6hy3mjp_demos_ch04_leader_election
DafnyBench,Dafny-Exercises_tmp_tmpjm75muf__Session4Exercises_ExerciseFirstNegative
DafnyBench,Clover_selectionsort
DafnyBench,TFG_tmp_tmpbvsao41w_Algoritmos Dafny_div_ent_it
DafnyBench,Dafny-Exercises_tmp_tmpjm75muf__Session6Exercises_ExerciseCountMin
DafnyBench,SENG2011_tmp_tmpgk5jq85q_exam_ex4
DafnyBench,dafny-synthesis_task_id_808
DafnyBench,Clover_multi_return
DafnyBench,Software-Verification_tmp_tmpv4ueky2d_Non-overlapping Intervals_non_overlapping_intervals
DafnyBench,nitwit_tmp_tmplm098gxz_nit
DafnyBench,dafny-synthesis_task_id_793
DafnyBench,Software-Verification_tmp_tmpv4ueky2d_Remove Element_remove_element
DafnyBench,Program-Verification-Dataset_tmp_tmpgbdrlnu__Dafny_variant examples_KatzManna
DafnyBench,dafny-synthesis_task_id_799
DafnyBench,Dafny_tmp_tmp0wu8wmfr_tests_SumIntsLoop
DafnyBench,HATRA-2022-Paper_tmp_tmp5texxy8l_copilot_verification_Two Sum_two_sum
DafnyBench,dafny-language-server_tmp_tmpkir0kenl_Test_dafny4_git-issue40
DafnyBench,dafny-synthesis_task_id_106
DafnyBench,dafny-synthesis_task_id_143
DafnyBench,Dafny_Verify_tmp_tmphq7j0row_Test_Cases_solved_1_select
DafnyBench,Software-building-and-verification-Projects_tmp_tmp5tm1srrn_CVS-projeto_aula2
DafnyBench,dafny-synthesis_task_id_472
DafnyBench,Programmverifikation-und-synthese_tmp_tmppurk6ime_PVS_Assignment_ex_06_Hoangkim_ex06-solution
DafnyBench,SENG2011_tmp_tmpgk5jq85q_exam_ex2
DafnyBench,Dafny_ProgrammingLanguages_tmp_tmp82_e0kji_ExtraCredit
DafnyBench,dafny-synthesis_task_id_292
DafnyBench,groupTheory_tmp_tmppmmxvu8h_yair_yair2
DafnyBench,FlexWeek_tmp_tmpc_tfdj_3_reverse
DafnyBench,Program-Verification-Dataset_tmp_tmpgbdrlnu__Dafny_algorithms and leetcode_leetcode_FindPivotIndex
DafnyBench,Dafny_Learning_Experience_tmp_tmpuxvcet_u_week8_12_week10_BoundedQueue_01
DafnyBench,Dafny-Exercises_tmp_tmpjm75muf__Session7Exercises_ExerciseSelSort
DafnyBench,protocol-verification-fa2023_tmp_tmpw6hy3mjp_demos_dafny-internals_02-triggers_triggers2
DafnyBench,dafny-synthesis_task_id_455
DafnyBench,Dafny_Learning_Experience_tmp_tmpuxvcet_u_week1_7_Week4__LinearSearch
DafnyBench,FormalMethods_tmp_tmpvda2r3_o_dafny_Invariants_ex1
DafnyBench,dafny-synthesis_task_id_577
DafnyBench,DafnyPrograms_tmp_tmp74_f9k_c_prime-database
DafnyBench,dafl_tmp_tmp_r3_8w3y_dafny_examples_uiowa_find
DafnyBench,Program-Verification-Dataset_tmp_tmpgbdrlnu__Dafny_from dafny main repo_dafny4_NipkowKlein-chapter3
DafnyBench,dafny-synthesis_task_id_458
DafnyBench,Clover_min_of_two
DafnyBench,630-dafny_tmp_tmpz2kokaiq_Solution
DafnyBench,dafny-synthesis_task_id_436
DafnyBench,Clover_return_seven
DafnyBench,verification-class_tmp_tmpz9ik148s_2022_chapter05-distributed-state-machines_exercises_UtilitiesLibrary
DafnyBench,Dafny_Verify_tmp_tmphq7j0row_Fine_Tune_Examples_50_examples_38
DafnyBench,dafny-synthesis_task_id_606
DafnyBench,cs686_tmp_tmpdhuh5dza_classNotes_notes-9-8-21
DafnyBench,Final-Project-Dafny_tmp_tmpmcywuqox_Attempts_Exercise4_Find_Max
DafnyBench,dafny-synthesis_task_id_751
DafnyBench,stunning-palm-tree_tmp_tmpr84c2iwh_ch1
DafnyBench,Dafny_Verify_tmp_tmphq7j0row_dataset_C_convert_examples_11
DafnyBench,feup-mfes_tmp_tmp6_a1y5a5_examples_SelectionSort
DafnyBench,Dafny-Exercises_tmp_tmpjm75muf__Session4Exercises_ExercisefirstZero
DafnyBench,dafny-synthesis_task_id_264
DafnyBench,Program-Verification-Dataset_tmp_tmpgbdrlnu__Dafny_from_dafny_main_repo_dafny0_snapshots_Inputs_Snapshots1
DafnyBench,dafl_tmp_tmp_r3_8w3y_dafny_examples_uiowa_fibonacci
DafnyBench,Dafny_tmp_tmpmvs2dmry_pancakesort_flip
DafnyBench,dafny_examples_tmp_tmp8qotd4ez_leetcode_0001-two-sum
DafnyBench,Prog-Fun-Solutions_tmp_tmp7_gmnz5f_mockExam2_p5
DafnyBench,Clover_canyon_search
DafnyBench,formal_verication_dafny_tmp_tmpwgl2qz28_Challenges_ex7
DafnyBench,Dafny_Verify_tmp_tmphq7j0row_dataset_C_convert_examples_23_x
DafnyBench,tangent-finder_tmp_tmpgyzf44ve_circles
DafnyBench,SENG2011_tmp_tmpgk5jq85q_exam_ex3
DafnyBench,SENG2011_tmp_tmpgk5jq85q_ass2_ex3
DafnyBench,protocol-verification-fa2023_tmp_tmpw6hy3mjp_demos_ch03_nim_v3
DafnyBench,dafny-synthesis_task_id_477
DafnyBench,Dafny_Verify_tmp_tmphq7j0row_Fine_Tune_Examples_error_data_completion_06_n
DafnyBench,se2011_tmp_tmp71eb82zt_ass1_ex6
DafnyBench,t1_MF_tmp_tmpi_sqie4j_exemplos_introducao_ex4
DafnyBench,Clover_update_array
DafnyBench,dafny-synthesis_task_id_474
DafnyBench,Metodos_Formais_tmp_tmpql2hwcsh_Invariantes_fibonacci
DafnyBench,software_analysis_tmp_tmpmt6bo9sf_ss
DafnyBench,cs357_tmp_tmpn4fsvwzs_lab7_question2
DafnyBench,Software-Verification_tmp_tmpv4ueky2d_Contains Duplicate_contains_duplicate
DafnyBench,Dafny-Exercises_tmp_tmpjm75muf__Session2Exercises_ExercisePositive
DafnyBench,Workshop_tmp_tmp0cu11bdq_Workshop_Answers_Question5
DafnyBench,Dafny_Learning_Experience_tmp_tmpuxvcet_u_week8_12_week8_CoffeeMaker2
DafnyBench,dafl_tmp_tmp_r3_8w3y_dafny_examples_uiowa_modifying-arrays
DafnyBench,Dafny_Verify_tmp_tmphq7j0row_Fine_Tune_Examples_50_examples_28
DafnyBench,stunning-palm-tree_tmp_tmpr84c2iwh_ch5
DafnyBench,dafny-synthesis_task_id_435
DafnyBench,Metodos_Formais_tmp_tmpql2hwcsh_Arrays_somatorioArray
DafnyBench,BinarySearchTree_tmp_tmp_bn2twp5_bst4copy
DafnyBench,dafny-duck_tmp_tmplawbgxjo_p4
DafnyBench,specTesting_tmp_tmpueam35lx_examples_increment_decrement_spec
DafnyBench,dafny-synthesis_task_id_602
DafnyBench,type-definition_tmp_tmp71kdzz3p_final
DafnyBench,dafny-language-server_tmp_tmpkir0kenl_Test_dafny4_git-issue67
DafnyBench,Clover_array_sum
DafnyBench,dafny-synthesis_task_id_790
DafnyBench,vfag_tmp_tmpc29dxm1j_mergesort
DafnyBench,Clover_triple
DafnyBench,Dafny-Exercises_tmp_tmpjm75muf__Session5Exercises_ExerciseSumElems
DafnyBench,circular-queue-implemetation_tmp_tmpnulfdc9l_Queue
DafnyBench,dafny-synthesis_task_id_404
DafnyBench,Clover_set_to_seq
DafnyBench,dafny-synthesis_task_id_406
DafnyBench,ironsync-osdi2023_tmp_tmpx80antoe_linear-dafny_Test_c++_sets
DafnyBench,dafny-synthesis_task_id_251
DafnyBench,dafny-language-server_tmp_tmpkir0kenl_Test_dafny4_Lucas-down
DafnyBench,dafny-synthesis_task_id_461
DafnyBench,Dafny-Exercises_tmp_tmpjm75muf__Session6Exercises_ExercisePeekSum
DafnyBench,dafny-synthesis_task_id_89
DafnyBench,Clover_cal_ans
DafnyBench,Clover_copy_part
DafnyBench,dafny-synthesis_task_id_599
DafnyBench,dafny-synthesis_task_id_80
DafnyBench,dafny-language-server_tmp_tmpkir0kenl_Test_dafny4_Bug92
DafnyBench,dafny-duck_tmp_tmplawbgxjo_ex3
DafnyBench,FlexWeek_tmp_tmpc_tfdj_3_ex4
DafnyBench,Program-Verification-Dataset_tmp_tmpgbdrlnu__Dafny_advanced examples_OneHundredPrisonersAndALightbulb
DafnyBench,dafny_examples_tmp_tmp8qotd4ez_test_shuffle
DafnyBench,Dafny_Verify_tmp_tmphq7j0row_dataset_bql_exampls_SmallNum
DafnyBench,dafny-synthesis_task_id_101
DafnyBench,veri-sparse_tmp_tmp15fywna6_dafny_dspmspv
DafnyBench,AssertivePrograming_tmp_tmpwf43uz0e_DivMode_Unary
DafnyBench,Formal-methods-of-software-development_tmp_tmppryvbyty_Examenes_Beni_Heusel-Benedikt-Ass-1
DafnyBench,Correctness_tmp_tmpwqvg5q_4_MethodCalls_q1
DafnyBench,Dafny_Programs_tmp_tmp99966ew4_mymax
DafnyBench,Software-building-and-verification-Projects_tmp_tmp5tm1srrn_CVS-projeto_aula3
DafnyBench,dafny-synthesis_task_id_452
DafnyBench,SENG2011_tmp_tmpgk5jq85q_flex_ex1
DafnyBench,dafny-exercise_tmp_tmpouftptir_maxArray
DafnyBench,Dafny_Verify_tmp_tmphq7j0row_Fine_Tune_Examples_error_data_completion_07
DafnyBench,FormalMethods_tmp_tmpvda2r3_o_dafny_Invariants_ex2
DafnyBench,Programmverifikation-und-synthese_tmp_tmppurk6ime_PVS_Assignment_ex_05_Hoangkim_ex_05_Hoangkim
DafnyBench,ironsync-osdi2023_tmp_tmpx80antoe_lib_Math_div_def
DafnyBench,Program-Verification-Dataset_tmp_tmpgbdrlnu__Dafny_from dafny main repo_dafny2_StoreAndRetrieve
DafnyBench,dafny-synthesis_task_id_282
DafnyBench,dafny-language-server_tmp_tmpkir0kenl_Test_dafny0_FuelTriggers
DafnyBench,Program-Verification-Dataset_tmp_tmpgbdrlnu__Dafny_from dafny main repo_dafny0_GhostITECompilation
DafnyBench,Dafny_Verify_tmp_tmphq7j0row_Generated_Code_LinearSearch
DafnyBench,DafnyProjects_tmp_tmp2acw_s4s_sqrt
DafnyBench,ironsync-osdi2023_tmp_tmpx80antoe_linear-dafny_Test_git-issues_git-issue-1158
DafnyBench,Dafny_Verify_tmp_tmphq7j0row_dataset_detailed_examples_SelectionSort
DafnyBench,dafny-language-server_tmp_tmpkir0kenl_Test_dafny2_Intervals
DafnyBench,dafny-synthesis_task_id_431
DafnyBench,dafny-synthesis_task_id_261
DafnyBench,summer-school-2020_tmp_tmpn8nf7zf0_chapter02_solutions_exercise01_solution
DafnyBench,Program-Verification-Dataset_tmp_tmpgbdrlnu__Dafny_from dafny main repo_dafny4_ClassRefinement
DafnyBench,MIEIC_mfes_tmp_tmpq3ho7nve_exams_mt2_19_p4
DafnyBench,Program-Verification-Dataset_tmp_tmpgbdrlnu__Dafny_advanced examples_ReverseString
DafnyBench,dafny-synthesis_task_id_610
DafnyBench,dafl_tmp_tmp_r3_8w3y_dafny_examples_dafny0_ContainerRanks
DafnyBench,Dafny_Verify_tmp_tmphq7j0row_AI_agent_verify_examples_RotateRight
DafnyBench,dafny-synthesis_task_id_762
DafnyBench,Dafny_Programs_tmp_tmp99966ew4_lemma
DafnyBench,dafny-exercise_tmp_tmpouftptir_filter
DafnyBench,CVS-Projto1_tmp_tmpb1o0bu8z_proj1_proj1
DafnyBench,Clover_even_list
DafnyBench,dafny-language-server_tmp_tmpkir0kenl_Test_dafny4_git-issue74
DafnyBench,Dafny_Verify_tmp_tmphq7j0row_Generated_Code_Minimum
DafnyBench,dafl_tmp_tmp_r3_8w3y_dafny_examples_dafny0_SeqFromArray
DafnyBench,Final-Project-Dafny_tmp_tmpmcywuqox_Attempts_Exercise3_Increment_Array
DafnyBench,dafny-synthesis_task_id_460
DafnyBench,Clover_longest_prefix
DafnyBench,dafny-synthesis_task_id_18
DafnyBench,dafny-synthesis_task_id_764
DafnyBench,MIEIC_mfes_tmp_tmpq3ho7nve_exams_appeal_20_p4
DafnyBench,703FinalProject_tmp_tmpr_10rn4z_gaussian
DafnyBench,dafny-synthesis_task_id_69
DafnyBench,RollingMax
DafnyBench,Dafny_Verify_tmp_tmphq7j0row_Generated_Code_ComputePower
DafnyBench,test-generation-examples_tmp_tmptwyqofrp_IntegerSet_dafny_IntegerSet
DafnyBench,CS494-final-project_tmp_tmp7nof55uq_bubblesort
DafnyBench,dafny-programs_tmp_tmpcwodh6qh_src_max
DafnyBench,dafny-synthesis_task_id_616
DafnyBench,fv2020-tms_tmp_tmpnp85b47l_modeling_concurrency_safety
DafnyBench,Clover_seq_to_array
DafnyBench,Dafny-Exercises_tmp_tmpjm75muf__Session7Exercises_ExerciseBinarySearch
DafnyBench,DafnyProjects_tmp_tmp2acw_s4s_partitionOddEven
DafnyBench,libraries_tmp_tmp9gegwhqj_examples_MutableMap_MutableMapDafny
DafnyBench,CVS-Projto1_tmp_tmpb1o0bu8z_searchSort
DafnyBench,dafny-sandbox_tmp_tmp3tu2bu8a_Stlc
DafnyBench,verified-using-dafny_tmp_tmp7jatpjyn_longestZero
DafnyBench,veribetrkv-osdi2020_tmp_tmpra431m8q_docker-hdd_src_veribetrkv-linear_lib_Base_Sets
DafnyBench,Clover_two_sum
DafnyBench,Dafny_Verify_tmp_tmphq7j0row_AI_agent_verify_examples_DoubleArray
DafnyBench,Dafny-Exercises_tmp_tmpjm75muf__Session8Exercises_ExerciseInsertionSort
DafnyBench,Dafny_Verify_tmp_tmphq7j0row_Test_Cases_Ghost
DafnyBench,dafny-language-server_tmp_tmpkir0kenl_Test_dafny4_Bug165
DafnyBench,Metodos_Formais_tmp_tmpql2hwcsh_Invariantes_potencia
DafnyBench,dafny-synthesis_task_id_750
DafnyBench,formal_verication_dafny_tmp_tmpwgl2qz28_Challenges_ex1
DafnyBench,Program-Verification-Dataset_tmp_tmpgbdrlnu__Dafny_mathematical objects verification_examples_interval_example
DafnyBench,Program-Verification-Dataset_tmp_tmpgbdrlnu__Dafny_basic examples_sumto_sol
DafnyBench,Dafny_Verify_tmp_tmphq7j0row_Generated_Code_15
DafnyBench,cs245-verification_tmp_tmp0h_nxhqp_power
DafnyBench,Clover_reverse
DafnyBench,dafny-synthesis_task_id_94
DafnyBench,cmsc433_tmp_tmpe3ob3a0o_dafny_project1_p1-assignment-2
DafnyBench,MFES_2021_tmp_tmpuljn8zd9_FCUL_Exercises_10_find
DafnyBench,Program-Verification-Dataset_tmp_tmpgbdrlnu__Dafny_advanced examples_GenericMax
DafnyBench,Formal-Verification-Project_tmp_tmp9gmwsmyp_strings3
DafnyBench,AssertivePrograming_tmp_tmpwf43uz0e_MergeSort
DafnyBench,Dafny_Verify_tmp_tmphq7j0row_Test_Cases_LoopInvariant
DafnyBench,Dafny-Exercises_tmp_tmpjm75muf__Session7Exercises_ExerciseReplace
DafnyBench,t1_MF_tmp_tmpi_sqie4j_exemplos_colecoes_conjuntos_ex5
DafnyBench,protocol-verification-fa2023_tmp_tmpw6hy3mjp_demos_dafny-internals_03-encoding_lemma_call
DafnyBench,dafny_misc_tmp_tmpg4vzlnm1_rosetta_code_factorial
DafnyBench,dafny-synthesis_task_id_618
DafnyBench,dafny-synthesis_task_id_171
DafnyBench,dafny_tmp_tmp2ewu6s7x_ListReverse
DafnyBench,Dafny_tmp_tmpmvs2dmry_examples1
DafnyBench,Metodos_Formais_tmp_tmpbez22nnn_Aula_2_ex2
DafnyBench,cs245-verification_tmp_tmp0h_nxhqp_Assignments_simple
DafnyBench,formal_verication_dafny_tmp_tmpwgl2qz28_Challenges_ex6
DafnyBench,Program-Verification-Dataset_tmp_tmpgbdrlnu__Dafny_vampire project_original_Searching
DafnyBench,Dafny_Verify_tmp_tmphq7j0row_Fine_Tune_Examples_normal_data_completion_MaxPerdV2
DafnyBench,Dafny_tmp_tmp0wu8wmfr_tests_F1a
DafnyBench,Dafny-Exercises_tmp_tmpjm75muf__Session2Exercises_ExerciseFibonacci
DafnyBench,dafny-language-server_tmp_tmpkir0kenl_Test_triggers_loop-detection-looks-at-ranges-too
DafnyBench,dafny-workout_tmp_tmp0abkw6f8_starter_ex12
DafnyBench,Program-Verification-Dataset_tmp_tmpgbdrlnu__Dafny_advanced examples_EvenPredicate
DafnyBench,TFG_tmp_tmpbvsao41w_Algoritmos Dafny_suma_it
DafnyBench,dafl_tmp_tmp_r3_8w3y_dafny_examples_dafny0_PrecedenceLinter
DafnyBench,Clover_update_map
DafnyBench,Dafny_Learning_Experience_tmp_tmpuxvcet_u_week8_12_a3 copy 2
DafnyBench,dafny-synthesis_task_id_587
DafnyBench,dafny-synthesis_task_id_242
DafnyBench,dafny-language-server_tmp_tmpkir0kenl_Test_dafny1_Cubes
DafnyBench,dafny-synthesis_task_id_433
DafnyBench,verified-isort_tmp_tmp7hhb8ei__dafny_isort
DafnyBench,Formal-Verification_tmp_tmpuyt21wjt_Dafny_strings1
DafnyBench,Clover_is_palindrome
DafnyBench,Workshop_tmp_tmp0cu11bdq_Lecture_Answers_selection_sort
DafnyBench,dafny-synthesis_task_id_412
DafnyBench,formal-methods-in-software-engineering_tmp_tmpe7fjnek6_Labs2_hw1
DafnyBench,summer-school-2020_tmp_tmpn8nf7zf0_chapter02_solutions_exercise02_solution
DafnyBench,dafny-synthesis_task_id_145
DafnyBench,Dafny_Verify_tmp_tmphq7j0row_dataset_bql_exampls_Min
DafnyBench,dafny-synthesis_task_id_105
DafnyBench,t1_MF_tmp_tmpi_sqie4j_exemplos_colecoes_arrays_ex5
DafnyBench,Clover_array_append
DafnyBench,dafny-synthesis_task_id_554
DafnyBench,dafny-language-server_tmp_tmpkir0kenl_Test_tutorial_maximum
DafnyBench,Program-Verification-Dataset_tmp_tmpgbdrlnu__Dafny_verified algorithms_lol_sort
DafnyBench,cs245-verification_tmp_tmp0h_nxhqp_SortingIssues_FirstAttempt
DafnyBench,dafny-synthesis_task_id_572
DafnyBench,MFDS_tmp_tmpvvr5y1t9_Assignments_Ass-1-2020-21-Sol-eGela
DafnyBench,Formal-Verification_tmp_tmpuyt21wjt_Dafny_strings3
DafnyBench,dafny-synthesis_task_id_170
DafnyBench,dafl_tmp_tmp_r3_8w3y_dafny_examples_dafny0_SharedDestructorsCompile
DafnyBench,dafleet_tmp_tmpa2e4kb9v_0001-0050_0003-longest-substring-without-repeating-characters
DafnyBench,Program-Verification-Dataset_tmp_tmpgbdrlnu__Dafny_basic examples_add_by_one
DafnyBench,dafl_tmp_tmp_r3_8w3y_dafny_examples_dafny0_InSetComprehension
DafnyBench,dafny-synthesis_task_id_77
DafnyBench,repo-8967-Ironclad_tmp_tmp4q25en_1_ironclad-apps_src_Dafny_Libraries_Util_seqs_simple
DafnyBench,dafny-synthesis_task_id_784
DafnyBench,Program-Verification-Dataset_tmp_tmpgbdrlnu__Dafny_mathematical objects verification_examples_library
DafnyBench,dafny-synthesis_task_id_14
DafnyBench,dafny-synthesis_task_id_801
DafnyBench,Clover_swap_in_array
DafnyBench,Dafny_Learning_Experience_tmp_tmpuxvcet_u_week1_7_week4_tute_ex4
DafnyBench,Dafny_tmp_tmp0wu8wmfr_Heimaverkefni 1_LinearSearch
DafnyBench,Programmverifikation-und-synthese_tmp_tmppurk6ime_PVS_Assignment_ex_06_Hoangkim_ex_06_hoangkim
DafnyBench,Dafny_Verify_tmp_tmphq7j0row_dataset_C_convert_examples_07
DafnyBench,Dafny_Verify_tmp_tmphq7j0row_Fine_Tune_Examples_50_examples_SumArray
DafnyBench,dafny_tmp_tmp59p638nn_examples_realExponent
DafnyBench,dafny-language-server_tmp_tmpkir0kenl_Test_dafny4_git-issue41
DafnyBench,veribetrkv-osdi2020_tmp_tmpra431m8q_docker-hdd_src_veribetrkv-linear_lib_Base_SetBijectivity
DafnyBench,dafny-synthesis_task_id_227
DafnyBench,dafny-synthesis_task_id_310
DafnyBench,Program-Verification-Dataset_tmp_tmpgbdrlnu__Dafny_advanced examples_Refinement
DafnyBench,lets-prove-blocking-queue_tmp_tmptd_aws1k_dafny_prod-cons
DafnyBench,Final-Project-Dafny_tmp_tmpmcywuqox_Attempts_Insertion_Sorted_Standard
DafnyBench,pucrs-metodos-formais-t1_tmp_tmp7gvq3cw4_fila
DafnyBench,dafny-exercises_tmp_tmp5mvrowrx_leetcode_26-remove-duplicates-from-sorted-array
DafnyBench,Clover_rotate
DafnyBench,SENG2011_tmp_tmpgk5jq85q_ass2_ex1
DafnyBench,Clover_bubble_sort
DafnyBench,Dafny_Verify_tmp_tmphq7j0row_Fine_Tune_Examples_50_examples_BinarySearch
DafnyBench,t1_MF_tmp_tmpi_sqie4j_exemplos_colecoes_arrays_ex4
DafnyBench,dafny-synthesis_task_id_728
DafnyBench,Clover_array_product
DafnyBench,formal-methods-in-software-engineering_tmp_tmpe7fjnek6_Labs2_gr2
DafnyBench,laboratory_tmp_tmps8ws6mu2_dafny-tutorial_exercise12
DafnyBench,Dafny_tmp_tmpj88zq5zt_2-Kontrakte_reverse3
DafnyBench,MIEIC_mfes_tmp_tmpq3ho7nve_exams_mt2_19_p5
DafnyBench,dafny-synthesis_task_id_573
DafnyBench,Program-Verification-Dataset_tmp_tmpgbdrlnu__Dafny_from dafny main repo_dafny2_COST-verif-comp-2011-3-TwoDuplicates
DafnyBench,Programmverifikation-und-synthese_tmp_tmppurk6ime_example_DafnyIntro_01_Simple_Loops
DafnyBench,Program-Verification-Dataset_tmp_tmpgbdrlnu__Dafny_from dafny main repo_dafny1_BDD
DafnyBench,dafny-synthesis_task_id_732
DafnyBench,Clover_remove_front
DafnyBench,dafny-language-server_tmp_tmpkir0kenl_Test_VSI-Benchmarks_b1
DafnyBench,Simulink-To_dafny_tmp_tmpbcuesj2t_Tank
DafnyBench,Dafny_tmp_tmp0wu8wmfr_Heimaverkefni 2_BinarySearchDec
DafnyBench,Prog-Fun-Solutions_tmp_tmp7_gmnz5f_mockExam2_p6
DafnyBench,Dafny_Verify_tmp_tmphq7j0row_dataset_bql_exampls_Square
DafnyBench,Dafny_Verify_tmp_tmphq7j0row_Generated_Code_Mult
DafnyBench,dafny-synthesis_task_id_457
DafnyBench,Dafny_Learning_Experience_tmp_tmpuxvcet_u_week8_12_week10_ExtensibleArray
DafnyBench,Clover_quotient
DafnyBench,Program-Verification-Dataset_tmp_tmpgbdrlnu__Dafny_from dafny main repo_dafny3_CalcExample
DafnyBench,Software-Verification_tmp_tmpv4ueky2d_Valid Anagram_valid_anagram
DafnyBench,dafny-synthesis_task_id_565
DafnyBench,llm-verified-eval_tmp_tmpd2deqn_i_dafny_160
DafnyBench,Program-Verification-Dataset_tmp_tmpgbdrlnu__Dafny_basic examples_add_by_one_details
AWS,/AwsEncryptionSDK/dafny/AwsEncryptionSdk/Model/AwsCryptographyEncryptionSdkTypes
AWS,/AwsEncryptionSDK/dafny/AwsEncryptionSdk/src/Index
AWS,/AwsEncryptionSDK/dafny/AwsEncryptionSdk/src/KeyDerivation
AWS,/AwsEncryptionSDK/dafny/AwsEncryptionSdk/src/Serialize/EncryptedDataKeys
AWS,/AwsEncryptionSDK/dafny/AwsEncryptionSdk/src/Serialize/Frames
AWS,/AwsEncryptionSDK/dafny/AwsEncryptionSdk/src/Serialize/Header
AWS,/AwsEncryptionSDK/dafny/AwsEncryptionSdk/src/Serialize/HeaderAuth
AWS,/AwsEncryptionSDK/dafny/AwsEncryptionSdk/src/Serialize/HeaderTypes
AWS,/AwsEncryptionSDK/dafny/AwsEncryptionSdk/src/Serialize/SerializableTypes
AWS,/AwsEncryptionSDK/dafny/AwsEncryptionSdk/src/Serialize/SerializeFunctions
AWS,/AwsEncryptionSDK/dafny/AwsEncryptionSdk/src/Serialize/SharedHeaderFunctions
AWS,/AwsEncryptionSDK/dafny/AwsEncryptionSdk/src/Serialize/V1HeaderBody
AWS,/AwsEncryptionSDK/dafny/AwsEncryptionSdk/src/Serialize/V2HeaderBody
AWS,/AwsEncryptionSDK/dafny/AwsEncryptionSdk/test/Fixtures
AWS,/AwsEncryptionSDK/dafny/AwsEncryptionSdk/test/TestCreateEsdkClient
AWS,/AwsEncryptionSDK/dafny/AwsEncryptionSdk/test/TestEncryptDecrypt
AWS,/AwsEncryptionSDK/dafny/AwsEncryptionSdk/test/TestReproducedEncContext
Consensys,/src/dafny/bytecode
Consensys,/src/dafny/core/code
Consensys,/src/dafny/core/context
Consensys,/src/dafny/core/fork
Consensys,/src/dafny/core/memory
Consensys,/src/dafny/core/precompiled
Consensys,/src/dafny/core/stack
Consensys,/src/dafny/core/storage
Consensys,/src/dafny/core/substate
Consensys,/src/dafny/core/transient
Consensys,/src/dafny/core/worldstate
Consensys,/src/dafny/evm
Consensys,/src/dafny/gas
Consensys,/src/dafny/opcodes
Consensys,/src/dafny/state
Consensys,/src/dafny/t8n
Consensys,/src/dafny/util/arrays
Consensys,/src/dafny/util/bytes
Consensys,/src/dafny/util/int
Consensys,/src/test/dafny/proofs/FM-paper
Consensys,/src/test/dafny/proofs/GasTests
Consensys,/src/test/dafny/proofs/Optimisations
Consensys,/src/test/dafny/proofs/Push
Consensys,/src/test/dafny/proofs/Simulation
Consensys,/src/test/dafny/proofs/SimulationProof
Consensys,/src/test/dafny/proofs/test
Consensys,/src/test/dafny/proofs/Test10-with-gas
Consensys,/src/test/dafny/proofs/Transient
Consensys,/src/test/dafny/tests/ArrayTests
Consensys,/src/test/dafny/tests/ByteTests
Consensys,/src/test/dafny/tests/CallExample
Consensys,/src/test/dafny/tests/ForkTests
Consensys,/src/test/dafny/tests/IntTests
Consensys,/src/test/dafny/tests/Test10
